threshold,TP,TN,FP,FN,Precision,Recall,F1
0.05,8675,1,19830,0,0.3043325732327662,1.0,0.4666487358795051
0.1,8675,88,19743,0,0.3052642691252023,1.0,0.46774323996441375
0.2,8415,2111,17720,260,0.3219820164530323,0.9700288184438041,0.48348175811548405
0.3,5836,11355,8476,2839,0.407769703745109,0.6727377521613833,0.5077652586244399
0.4,1568,18653,1178,7107,0.5710123816460306,0.1807492795389049,0.2745819105157167
0.5,199,19777,54,8476,0.7865612648221344,0.022939481268011527,0.04457885304659498
