model,AUC,TP,TN,FP,FN,Precision,Recall,F1
logistic,0.543551398365177,0,19831,0,8675,0.0,0.0,0.0
random_forest,0.6031513028607584,0,19831,0,8675,0.0,0.0,0.0
gbt,0.6768756191547685,199,19777,54,8476,0.7865612648221344,0.022939481268011527,0.04457885304659498
